ticker,name,index,about
A,Agilent Technologies,S&P 500,Health Care – Life Sciences Tools & Services
AAPL,Apple Inc.,"S&P 500, NASDAQ-100, DOW","Information Technology – Technology Hardware, Storage & Peripherals"
ABBV,AbbVie,S&P 500,Health Care – Biotechnology
ABNB,Airbnb,"S&P 500, NASDAQ-100","Consumer Discretionary – Hotels, Resorts & Cruise Lines"
ABT,Abbott Laboratories,S&P 500,Health Care – Health Care Equipment
ACGL,Arch Capital Group,S&P 500,Financials – Property & Casualty Insurance
ACN,Accenture,S&P 500,Information Technology – IT Consulting & Other Services
ADBE,Adobe Inc.,"S&P 500, NASDAQ-100",Information Technology – Application Software
ADI,Analog Devices,"S&P 500, NASDAQ-100",Information Technology – Semiconductors
ADM,Archer Daniels Midland,S&P 500,Consumer Staples – Agricultural Products & Services
ADP,Automatic Data Processing,"S&P 500, NASDAQ-100",Industrials – Human Resource & Employment Services
ADSK,Autodesk,"S&P 500, NASDAQ-100",Information Technology – Application Software
AEE,Ameren,S&P 500,Utilities – Multi-Utilities
AEP,American Electric Power,"S&P 500, NASDAQ-100",Utilities – Electric Utilities
AES,AES Corporation,S&P 500,Utilities – Independent Power Producers & Energy Traders
AFL,Aflac,S&P 500,Financials – Life & Health Insurance
AIG,American International Group,S&P 500,Financials – Multi-line Insurance
AIZ,Assurant,S&P 500,Financials – Multi-line Insurance
AJG,Arthur J. Gallagher & Co.,S&P 500,Financials – Insurance Brokers
AKAM,Akamai Technologies,S&P 500,Information Technology – Internet Services & Infrastructure
ALB,Albemarle Corporation,S&P 500,Materials – Specialty Chemicals
ALGN,Align Technology,S&P 500,Health Care – Health Care Supplies
ALL,Allstate,S&P 500,Financials – Property & Casualty Insurance
ALLE,Allegion,S&P 500,Industrials – Building Products
ALNY,Alnylam Pharmaceuticals,NASDAQ-100,Health Care
AMAT,Applied Materials,"S&P 500, NASDAQ-100",Information Technology – Semiconductor Materials & Equipment
AMCR,Amcor,S&P 500,Materials – Paper & Plastic Packaging Products & Materials
AMD,Advanced Micro Devices,"S&P 500, NASDAQ-100",Information Technology – Semiconductors
AME,Ametek,S&P 500,Industrials – Electrical Components & Equipment
AMGN,Amgen,"S&P 500, NASDAQ-100, DOW",Health Care – Biotechnology
AMP,Ameriprise Financial,S&P 500,Financials – Asset Management & Custody Banks
AMT,American Tower,S&P 500,Real Estate – Telecom Tower REITs
AMZN,Amazon,"S&P 500, NASDAQ-100, DOW",Consumer Discretionary – Broadline Retail
ANET,Arista Networks,S&P 500,Information Technology – Communications Equipment
AON,Aon plc,S&P 500,Financials – Insurance Brokers
AOS,A. O. Smith,S&P 500,Industrials – Building Products
APA,APA Corporation,S&P 500,Energy – Oil & Gas Exploration & Production
APD,Air Products,S&P 500,Materials – Industrial Gases
APH,Amphenol,S&P 500,Information Technology – Electronic Components
APO,Apollo Global Management,S&P 500,Financials – Asset Management & Custody Banks
APP,AppLovin,"S&P 500, NASDAQ-100",Information Technology – Application Software
APTV,Aptiv,S&P 500,Consumer Discretionary – Automotive Parts & Equipment
ARE,Alexandria Real Estate Equities,S&P 500,Real Estate – Office REITs
ARES,Ares Management,S&P 500,Financials – Asset Management & Custody Banks
ARM,Arm Holdings,NASDAQ-100,Technology
ASML,ASML Holding,NASDAQ-100,Technology
ATO,Atmos Energy,S&P 500,Utilities – Gas Utilities
AVB,AvalonBay Communities,S&P 500,Real Estate – Multi-Family Residential REITs
AVGO,Broadcom,"S&P 500, NASDAQ-100",Information Technology – Semiconductors
AVY,Avery Dennison,S&P 500,Materials – Paper & Plastic Packaging Products & Materials
AWK,American Water Works,S&P 500,Utilities – Water Utilities
AXON,Axon Enterprise,"S&P 500, NASDAQ-100",Industrials – Aerospace & Defense
AXP,American Express,"S&P 500, DOW",Financials – Consumer Finance
AZO,AutoZone,S&P 500,Consumer Discretionary – Automotive Retail
BA,Boeing,"S&P 500, DOW",Industrials – Aerospace & Defense
BAC,Bank of America,S&P 500,Financials – Diversified Banks
BALL,Ball Corporation,S&P 500,"Materials – Metal, Glass & Plastic Containers"
BAX,Baxter International,S&P 500,Health Care – Health Care Equipment
BBY,Best Buy,S&P 500,Consumer Discretionary – Computer & Electronics Retail
BDX,Becton Dickinson,S&P 500,Health Care – Health Care Equipment
BEN,Franklin Resources,S&P 500,Financials – Asset Management & Custody Banks
BF-B,Brown–Forman,S&P 500,Consumer Staples – Distillers & Vintners
BG,Bunge Global,S&P 500,Consumer Staples – Agricultural Products & Services
BIIB,Biogen,S&P 500,Health Care – Biotechnology
BK,BNY Mellon,S&P 500,Financials – Asset Management & Custody Banks
BKNG,Booking Holdings,"S&P 500, NASDAQ-100","Consumer Discretionary – Hotels, Resorts & Cruise Lines"
BKR,Baker Hughes,"S&P 500, NASDAQ-100",Energy – Oil & Gas Equipment & Services
BLDR,Builders FirstSource,S&P 500,Industrials – Building Products
BLK,BlackRock,S&P 500,Financials – Asset Management & Custody Banks
BMY,Bristol Myers Squibb,S&P 500,Health Care – Pharmaceuticals
BR,Broadridge Financial Solutions,S&P 500,Industrials – Data Processing & Outsourced Services
BRK-B,Berkshire Hathaway,S&P 500,Financials – Multi-Sector Holdings
BRO,Brown & Brown,S&P 500,Financials – Insurance Brokers
BSX,Boston Scientific,S&P 500,Health Care – Health Care Equipment
BX,Blackstone Inc.,S&P 500,Financials – Asset Management & Custody Banks
BXP,"BXP, Inc.",S&P 500,Real Estate – Office REITs
C,Citigroup,S&P 500,Financials – Diversified Banks
CAG,Conagra Brands,S&P 500,Consumer Staples – Packaged Foods & Meats
CAH,Cardinal Health,S&P 500,Health Care – Health Care Distributors
CARR,Carrier Global,S&P 500,Industrials – Building Products
CAT,Caterpillar Inc.,"S&P 500, DOW",Industrials – Construction Machinery & Heavy Transportation Equipment
CB,Chubb Limited,S&P 500,Financials – Property & Casualty Insurance
CBOE,Cboe Global Markets,S&P 500,Financials – Financial Exchanges & Data
CBRE,CBRE Group,S&P 500,Real Estate – Real Estate Services
CCEP,Coca-Cola Europacific Partners,NASDAQ-100,Consumer Staples
CCI,Crown Castle,S&P 500,Real Estate – Telecom Tower REITs
CCL,Carnival,S&P 500,"Consumer Discretionary – Hotels, Resorts & Cruise Lines"
CDNS,Cadence Design Systems,"S&P 500, NASDAQ-100",Information Technology – Application Software
CDW,CDW Corporation,S&P 500,Information Technology – Technology Distributors
CEG,Constellation Energy,"S&P 500, NASDAQ-100",Utilities – Electric Utilities
CF,CF Industries,S&P 500,Materials – Fertilizers & Agricultural Chemicals
CFG,Citizens Financial Group,S&P 500,Financials – Regional Banks
CHD,Church & Dwight,S&P 500,Consumer Staples – Household Products
CHRW,C.H. Robinson,S&P 500,Industrials – Air Freight & Logistics
CHTR,Charter Communications,"S&P 500, NASDAQ-100",Communication Services – Cable & Satellite
CI,Cigna,S&P 500,Health Care – Health Care Services
CIEN,Ciena,S&P 500,Information Technology – Communications Equipment
CINF,Cincinnati Financial,S&P 500,Financials – Property & Casualty Insurance
CL,Colgate-Palmolive,S&P 500,Consumer Staples – Household Products
CLX,Clorox,S&P 500,Consumer Staples – Household Products
CMCSA,Comcast,"S&P 500, NASDAQ-100",Communication Services – Cable & Satellite
CME,CME Group,S&P 500,Financials – Financial Exchanges & Data
CMG,Chipotle Mexican Grill,S&P 500,Consumer Discretionary – Restaurants
CMI,Cummins,S&P 500,Industrials – Construction Machinery & Heavy Transportation Equipment
CMS,CMS Energy,S&P 500,Utilities – Multi-Utilities
CNC,Centene Corporation,S&P 500,Health Care – Managed Health Care
CNP,CenterPoint Energy,S&P 500,Utilities – Multi-Utilities
COF,Capital One,S&P 500,Financials – Consumer Finance
COHR,Coherent Corp.,S&P 500,Information Technology – Electronic Components
COIN,Coinbase,S&P 500,Financials – Financial Exchanges & Data
COO,Cooper Companies (The),S&P 500,Health Care – Health Care Supplies
COP,ConocoPhillips,S&P 500,Energy – Oil & Gas Exploration & Production
COR,Cencora,S&P 500,Health Care – Health Care Distributors
COST,Costco,"S&P 500, NASDAQ-100",Consumer Staples – Consumer Staples Merchandise Retail
CPAY,Corpay,S&P 500,Financials – Transaction & Payment Processing Services
CPB,Campbell's Company (The),S&P 500,Consumer Staples – Packaged Foods & Meats
CPRT,Copart,"S&P 500, NASDAQ-100",Industrials – Diversified Support Services
CPT,Camden Property Trust,S&P 500,Real Estate – Multi-Family Residential REITs
CRH,CRH plc,S&P 500,Materials – Construction Materials
CRL,Charles River Laboratories,S&P 500,Health Care – Life Sciences Tools & Services
CRM,Salesforce,"S&P 500, DOW",Information Technology – Application Software
CRWD,CrowdStrike,"S&P 500, NASDAQ-100",Information Technology – Systems Software
CSCO,Cisco,"S&P 500, NASDAQ-100, DOW",Information Technology – Communications Equipment
CSGP,CoStar Group,"S&P 500, NASDAQ-100",Real Estate – Real Estate Services
CSX,CSX Corporation,"S&P 500, NASDAQ-100",Industrials – Rail Transportation
CTAS,Cintas,"S&P 500, NASDAQ-100",Industrials – Diversified Support Services
CTRA,Coterra,S&P 500,Energy – Oil & Gas Exploration & Production
CTSH,Cognizant,"S&P 500, NASDAQ-100",Information Technology – IT Consulting & Other Services
CTVA,Corteva,S&P 500,Materials – Fertilizers & Agricultural Chemicals
CVNA,Carvana,S&P 500,Consumer Discretionary – Automotive Retail
CVS,CVS Health,S&P 500,Health Care – Health Care Services
CVX,Chevron Corporation,"S&P 500, DOW",Energy – Integrated Oil & Gas
D,Dominion Energy,S&P 500,Utilities – Multi-Utilities
DAL,Delta Air Lines,S&P 500,Industrials – Passenger Airlines
DASH,DoorDash,"S&P 500, NASDAQ-100",Consumer Discretionary – Specialized Consumer Services
DD,DuPont,S&P 500,Materials – Specialty Chemicals
DDOG,Datadog,"S&P 500, NASDAQ-100",Information Technology – Application Software
DE,Deere & Company,S&P 500,Industrials – Agricultural & Farm Machinery
DECK,Deckers Brands,S&P 500,Consumer Discretionary – Footwear
DELL,Dell Technologies,S&P 500,"Information Technology – Technology Hardware, Storage & Peripherals"
DG,Dollar General,S&P 500,Consumer Staples – Consumer Staples Merchandise Retail
DGX,Quest Diagnostics,S&P 500,Health Care – Health Care Services
DHI,D. R. Horton,S&P 500,Consumer Discretionary – Homebuilding
DHR,Danaher Corporation,S&P 500,Health Care – Life Sciences Tools & Services
DIS,Walt Disney Company (The),"S&P 500, DOW",Communication Services – Movies & Entertainment
DLR,Digital Realty,S&P 500,Real Estate – Data Center REITs
DLTR,Dollar Tree,S&P 500,Consumer Staples – Consumer Staples Merchandise Retail
DOC,Healthpeak Properties,S&P 500,Real Estate – Health Care REITs
DOV,Dover Corporation,S&P 500,Industrials – Industrial Machinery & Supplies & Components
DOW,Dow Inc.,S&P 500,Materials – Commodity Chemicals
DPZ,Domino's,S&P 500,Consumer Discretionary – Restaurants
DRI,Darden Restaurants,S&P 500,Consumer Discretionary – Restaurants
DTE,DTE Energy,S&P 500,Utilities – Multi-Utilities
DUK,Duke Energy,S&P 500,Utilities – Electric Utilities
DVA,DaVita,S&P 500,Health Care – Health Care Services
DVN,Devon Energy,S&P 500,Energy – Oil & Gas Exploration & Production
DXCM,Dexcom,"S&P 500, NASDAQ-100",Health Care – Health Care Equipment
EA,Electronic Arts,"S&P 500, NASDAQ-100",Communication Services – Interactive Home Entertainment
EBAY,eBay Inc.,S&P 500,Consumer Discretionary – Broadline Retail
ECL,Ecolab,S&P 500,Materials – Specialty Chemicals
ED,Consolidated Edison,S&P 500,Utilities – Multi-Utilities
EFX,Equifax,S&P 500,Industrials – Research & Consulting Services
EG,Everest Group,S&P 500,Financials – Reinsurance
EIX,Edison International,S&P 500,Utilities – Electric Utilities
EL,Estée Lauder Companies (The),S&P 500,Consumer Staples – Personal Care Products
ELV,Elevance Health,S&P 500,Health Care – Managed Health Care
EME,Emcor,S&P 500,Industrials – Construction & Engineering
EMR,Emerson Electric,S&P 500,Industrials – Electrical Components & Equipment
EOG,EOG Resources,S&P 500,Energy – Oil & Gas Exploration & Production
EPAM,EPAM Systems,S&P 500,Information Technology – IT Consulting & Other Services
EQIX,Equinix,S&P 500,Real Estate – Data Center REITs
EQR,Equity Residential,S&P 500,Real Estate – Multi-Family Residential REITs
EQT,EQT Corporation,S&P 500,Energy – Oil & Gas Exploration & Production
ERIE,Erie Indemnity,S&P 500,Financials – Insurance Brokers
ES,Eversource Energy,S&P 500,Utilities – Electric Utilities
ESS,Essex Property Trust,S&P 500,Real Estate – Multi-Family Residential REITs
ETN,Eaton Corporation,S&P 500,Industrials – Electrical Components & Equipment
ETR,Entergy,S&P 500,Utilities – Electric Utilities
EVRG,Evergy,S&P 500,Utilities – Electric Utilities
EW,Edwards Lifesciences,S&P 500,Health Care – Health Care Equipment
EXC,Exelon,"S&P 500, NASDAQ-100",Utilities – Electric Utilities
EXE,Expand Energy,S&P 500,Energy – Oil & Gas Exploration & Production
EXPD,Expeditors International,S&P 500,Industrials – Air Freight & Logistics
EXPE,Expedia Group,S&P 500,"Consumer Discretionary – Hotels, Resorts & Cruise Lines"
EXR,Extra Space Storage,S&P 500,Real Estate – Self-Storage REITs
F,Ford Motor Company,S&P 500,Consumer Discretionary – Automobile Manufacturers
FANG,Diamondback Energy,"S&P 500, NASDAQ-100",Energy – Oil & Gas Exploration & Production
FAST,Fastenal,"S&P 500, NASDAQ-100",Industrials – Trading Companies & Distributors
FCX,Freeport-McMoRan,S&P 500,Materials – Copper
FDS,FactSet,S&P 500,Financials – Financial Exchanges & Data
FDX,FedEx,S&P 500,Industrials – Air Freight & Logistics
FE,FirstEnergy,S&P 500,Utilities – Electric Utilities
FER,Ferrovial,NASDAQ-100,Industrials
FFIV,"F5, Inc.",S&P 500,Information Technology – Communications Equipment
FICO,Fair Isaac,S&P 500,Information Technology – Application Software
FIS,Fidelity National Information Services,S&P 500,Financials – Transaction & Payment Processing Services
FISV,Fiserv,S&P 500,Financials – Transaction & Payment Processing Services
FITB,Fifth Third Bancorp,S&P 500,Financials – Regional Banks
FIX,Comfort Systems USA,S&P 500,Industrials – Construction & Engineering
FOX,Fox Corporation (Class B),S&P 500,Communication Services – Broadcasting
FOXA,Fox Corporation (Class A),S&P 500,Communication Services – Broadcasting
FRT,Federal Realty Investment Trust,S&P 500,Real Estate – Retail REITs
FSLR,First Solar,S&P 500,Information Technology – Semiconductors
FTNT,Fortinet,"S&P 500, NASDAQ-100",Information Technology – Systems Software
FTV,Fortive,S&P 500,Industrials – Industrial Machinery & Supplies & Components
GD,General Dynamics,S&P 500,Industrials – Aerospace & Defense
GDDY,GoDaddy,S&P 500,Information Technology – Internet Services & Infrastructure
GE,GE Aerospace,S&P 500,Industrials – Aerospace & Defense
GEHC,GE HealthCare,"S&P 500, NASDAQ-100",Health Care – Health Care Equipment
GEN,Gen Digital,S&P 500,Information Technology – Systems Software
GEV,GE Vernova,S&P 500,Industrials – Heavy Electrical Equipment
GILD,Gilead Sciences,"S&P 500, NASDAQ-100",Health Care – Biotechnology
GIS,General Mills,S&P 500,Consumer Staples – Packaged Foods & Meats
GL,Globe Life,S&P 500,Financials – Life & Health Insurance
GLW,Corning Inc.,S&P 500,Information Technology – Electronic Components
GM,General Motors,S&P 500,Consumer Discretionary – Automobile Manufacturers
GNRC,Generac,S&P 500,Industrials – Electrical Components & Equipment
GOOG,Alphabet Inc. (Class C),"S&P 500, NASDAQ-100",Communication Services – Interactive Media & Services
GOOGL,Alphabet Inc. (Class A),"S&P 500, NASDAQ-100",Communication Services – Interactive Media & Services
GPC,Genuine Parts Company,S&P 500,Consumer Discretionary – Distributors
GPN,Global Payments,S&P 500,Financials – Transaction & Payment Processing Services
GRMN,Garmin,S&P 500,Consumer Discretionary – Consumer Electronics
GS,Goldman Sachs,"S&P 500, DOW",Financials – Investment Banking & Brokerage
GWW,W. W. Grainger,S&P 500,Industrials – Industrial Machinery & Supplies & Components
HAL,Halliburton,S&P 500,Energy – Oil & Gas Equipment & Services
HAS,Hasbro,S&P 500,Consumer Discretionary – Leisure Products
HBAN,Huntington Bancshares,S&P 500,Financials – Regional Banks
HCA,HCA Healthcare,S&P 500,Health Care – Health Care Facilities
HD,Home Depot (The),"S&P 500, DOW",Consumer Discretionary – Home Improvement Retail
HIG,Hartford (The),S&P 500,Financials – Property & Casualty Insurance
HII,Huntington Ingalls Industries,S&P 500,Industrials – Aerospace & Defense
HLT,Hilton Worldwide,S&P 500,"Consumer Discretionary – Hotels, Resorts & Cruise Lines"
HOLX,Hologic,S&P 500,Health Care – Health Care Equipment
HON,Honeywell,"S&P 500, NASDAQ-100, DOW",Industrials – Industrial Conglomerates
HOOD,Robinhood Markets,S&P 500,Financials – Investment Banking & Brokerage
HPE,Hewlett Packard Enterprise,S&P 500,"Information Technology – Technology Hardware, Storage & Peripherals"
HPQ,HP Inc.,S&P 500,"Information Technology – Technology Hardware, Storage & Peripherals"
HRL,Hormel Foods,S&P 500,Consumer Staples – Packaged Foods & Meats
HSIC,Henry Schein,S&P 500,Health Care – Health Care Distributors
HST,Host Hotels & Resorts,S&P 500,Real Estate – Hotel & Resort REITs
HSY,Hershey Company (The),S&P 500,Consumer Staples – Packaged Foods & Meats
HUBB,Hubbell Incorporated,S&P 500,Industrials – Industrial Machinery & Supplies & Components
HUM,Humana,S&P 500,Health Care – Managed Health Care
HWM,Howmet Aerospace,S&P 500,Industrials – Aerospace & Defense
IBKR,Interactive Brokers,S&P 500,Financials – Investment Banking & Brokerage
IBM,IBM,"S&P 500, DOW",Information Technology – IT Consulting & Other Services
ICE,Intercontinental Exchange,S&P 500,Financials – Financial Exchanges & Data
IDXX,Idexx Laboratories,"S&P 500, NASDAQ-100",Health Care – Health Care Equipment
IEX,IDEX Corporation,S&P 500,Industrials – Industrial Machinery & Supplies & Components
IFF,International Flavors & Fragrances,S&P 500,Materials – Specialty Chemicals
INCY,Incyte,S&P 500,Health Care – Biotechnology
INSM,Insmed Incorporated,NASDAQ-100,Health Care
INTC,Intel,"S&P 500, NASDAQ-100",Information Technology – Semiconductors
INTU,Intuit,"S&P 500, NASDAQ-100",Information Technology – Application Software
INVH,Invitation Homes,S&P 500,Real Estate – Single-Family Residential REITs
IP,International Paper,S&P 500,Materials – Paper & Plastic Packaging Products & Materials
IQV,IQVIA,S&P 500,Health Care – Life Sciences Tools & Services
IR,Ingersoll Rand,S&P 500,Industrials – Industrial Machinery & Supplies & Components
IRM,Iron Mountain,S&P 500,Real Estate – Other Specialized REITs
ISRG,Intuitive Surgical,"S&P 500, NASDAQ-100",Health Care – Health Care Equipment
IT,Gartner,S&P 500,Information Technology – IT Consulting & Other Services
ITW,Illinois Tool Works,S&P 500,Industrials – Industrial Machinery & Supplies & Components
IVZ,Invesco,S&P 500,Financials – Asset Management & Custody Banks
J,Jacobs Solutions,S&P 500,Industrials – Construction & Engineering
JBHT,J.B. Hunt,S&P 500,Industrials – Cargo Ground Transportation
JBL,Jabil,S&P 500,Information Technology – Electronic Manufacturing Services
JCI,Johnson Controls,S&P 500,Industrials – Building Products
JKHY,Jack Henry & Associates,S&P 500,Financials – Transaction & Payment Processing Services
JNJ,Johnson & Johnson,"S&P 500, DOW",Health Care – Pharmaceuticals
JPM,JPMorgan Chase,"S&P 500, DOW",Financials – Diversified Banks
KDP,Keurig Dr Pepper,"S&P 500, NASDAQ-100",Consumer Staples – Soft Drinks & Non-alcoholic Beverages
KEY,KeyCorp,S&P 500,Financials – Regional Banks
KEYS,Keysight Technologies,S&P 500,Information Technology – Electronic Equipment & Instruments
KHC,Kraft Heinz,"S&P 500, NASDAQ-100",Consumer Staples – Packaged Foods & Meats
KIM,Kimco Realty,S&P 500,Real Estate – Retail REITs
KKR,KKR & Co.,S&P 500,Financials – Asset Management & Custody Banks
KLAC,KLA Corporation,"S&P 500, NASDAQ-100",Information Technology – Semiconductor Materials & Equipment
KMB,Kimberly-Clark,S&P 500,Consumer Staples – Household Products
KMI,Kinder Morgan,S&P 500,Energy – Oil & Gas Storage & Transportation
KO,Coca-Cola Company (The),"S&P 500, DOW",Consumer Staples – Soft Drinks & Non-alcoholic Beverages
KR,Kroger,S&P 500,Consumer Staples – Food Retail
KVUE,Kenvue,S&P 500,Consumer Staples – Personal Care Products
L,Loews Corporation,S&P 500,Financials – Multi-line Insurance
LDOS,Leidos,S&P 500,Industrials – Diversified Support Services
LEN,Lennar,S&P 500,Consumer Discretionary – Homebuilding
LH,Labcorp,S&P 500,Health Care – Health Care Services
LHX,L3Harris,S&P 500,Industrials – Aerospace & Defense
LII,Lennox International,S&P 500,Industrials – Building Products
LIN,Linde plc,"S&P 500, NASDAQ-100",Materials – Industrial Gases
LITE,Lumentum,S&P 500,Information Technology – Communications Equipment
LLY,Lilly (Eli),S&P 500,Health Care – Pharmaceuticals
LMT,Lockheed Martin,S&P 500,Industrials – Aerospace & Defense
LNT,Alliant Energy,S&P 500,Utilities – Electric Utilities
LOW,Lowe's,S&P 500,Consumer Discretionary – Home Improvement Retail
LRCX,Lam Research,"S&P 500, NASDAQ-100",Information Technology – Semiconductor Materials & Equipment
LULU,Lululemon Athletica,S&P 500,"Consumer Discretionary – Apparel, Accessories & Luxury Goods"
LUV,Southwest Airlines,S&P 500,Industrials – Passenger Airlines
LVS,Las Vegas Sands,S&P 500,Consumer Discretionary – Casinos & Gaming
LYB,LyondellBasell,S&P 500,Materials – Specialty Chemicals
LYV,Live Nation Entertainment,S&P 500,Communication Services – Movies & Entertainment
MA,Mastercard,S&P 500,Financials – Transaction & Payment Processing Services
MAA,Mid-America Apartment Communities,S&P 500,Real Estate – Multi-Family Residential REITs
MAR,Marriott International,"S&P 500, NASDAQ-100","Consumer Discretionary – Hotels, Resorts & Cruise Lines"
MAS,Masco,S&P 500,Industrials – Building Products
MCD,McDonald's,"S&P 500, DOW",Consumer Discretionary – Restaurants
MCHP,Microchip Technology,"S&P 500, NASDAQ-100",Information Technology – Semiconductors
MCK,McKesson Corporation,S&P 500,Health Care – Health Care Distributors
MCO,Moody's Corporation,S&P 500,Financials – Financial Exchanges & Data
MDLZ,Mondelez International,"S&P 500, NASDAQ-100",Consumer Staples – Packaged Foods & Meats
MDT,Medtronic,S&P 500,Health Care – Health Care Equipment
MELI,Mercado Libre,NASDAQ-100,Consumer Discretionary
MET,MetLife,S&P 500,Financials – Life & Health Insurance
META,Meta Platforms,"S&P 500, NASDAQ-100",Communication Services – Interactive Media & Services
MGM,MGM Resorts,S&P 500,Consumer Discretionary – Casinos & Gaming
MKC,McCormick & Company,S&P 500,Consumer Staples – Packaged Foods & Meats
MLM,Martin Marietta Materials,S&P 500,Materials – Construction Materials
MMM,3M,"S&P 500, DOW",Industrials – Industrial Conglomerates
MNST,Monster Beverage,"S&P 500, NASDAQ-100",Consumer Staples – Soft Drinks & Non-alcoholic Beverages
MO,Altria,S&P 500,Consumer Staples – Tobacco
MOS,Mosaic Company (The),S&P 500,Materials – Fertilizers & Agricultural Chemicals
MPC,Marathon Petroleum,S&P 500,Energy – Oil & Gas Refining & Marketing
MPWR,Monolithic Power Systems,"S&P 500, NASDAQ-100",Information Technology – Semiconductors
MRK,Merck & Co.,"S&P 500, DOW",Health Care – Pharmaceuticals
MRNA,Moderna,S&P 500,Health Care – Biotechnology
MRSH,Marsh McLennan,S&P 500,Financials – Insurance Brokers
MRVL,Marvell Technology,NASDAQ-100,Technology
MS,Morgan Stanley,S&P 500,Financials – Investment Banking & Brokerage
MSCI,MSCI Inc.,S&P 500,Financials – Financial Exchanges & Data
MSFT,Microsoft,"S&P 500, NASDAQ-100, DOW",Information Technology – Systems Software
MSI,Motorola Solutions,S&P 500,Information Technology – Communications Equipment
MSTR,MicroStrategy,NASDAQ-100,Technology
MTB,M&T Bank,S&P 500,Financials – Regional Banks
MTD,Mettler Toledo,S&P 500,Health Care – Life Sciences Tools & Services
MU,Micron Technology,"S&P 500, NASDAQ-100",Information Technology – Semiconductors
NCLH,Norwegian Cruise Line Holdings,S&P 500,"Consumer Discretionary – Hotels, Resorts & Cruise Lines"
NDAQ,"Nasdaq, Inc.",S&P 500,Financials – Financial Exchanges & Data
NDSN,Nordson Corporation,S&P 500,Industrials – Industrial Machinery & Supplies & Components
NEE,NextEra Energy,S&P 500,Utilities – Multi-Utilities
NEM,Newmont,S&P 500,Materials – Gold
NFLX,Netflix,"S&P 500, NASDAQ-100",Communication Services – Movies & Entertainment
NI,NiSource,S&P 500,Utilities – Multi-Utilities
NKE,"Nike, Inc.","S&P 500, DOW","Consumer Discretionary – Apparel, Accessories & Luxury Goods"
NOC,Northrop Grumman,S&P 500,Industrials – Aerospace & Defense
NOW,ServiceNow,S&P 500,Information Technology – Systems Software
NRG,NRG Energy,S&P 500,Utilities – Independent Power Producers & Energy Traders
NSC,Norfolk Southern,S&P 500,Industrials – Rail Transportation
NTAP,NetApp,S&P 500,"Information Technology – Technology Hardware, Storage & Peripherals"
NTRS,Northern Trust,S&P 500,Financials – Asset Management & Custody Banks
NUE,Nucor,S&P 500,Materials – Steel
NVDA,Nvidia,"S&P 500, NASDAQ-100, DOW",Information Technology – Semiconductors
NVR,"NVR, Inc.",S&P 500,Consumer Discretionary – Homebuilding
NWS,News Corp (Class B),S&P 500,Communication Services – Publishing
NWSA,News Corp (Class A),S&P 500,Communication Services – Publishing
NXPI,NXP Semiconductors,"S&P 500, NASDAQ-100",Information Technology – Semiconductors
O,Realty Income,S&P 500,Real Estate – Retail REITs
ODFL,Old Dominion,"S&P 500, NASDAQ-100",Industrials – Cargo Ground Transportation
OKE,Oneok,S&P 500,Energy – Oil & Gas Storage & Transportation
OMC,Omnicom Group,S&P 500,Communication Services – Advertising
ON,ON Semiconductor,S&P 500,Information Technology – Semiconductors
ORCL,Oracle Corporation,S&P 500,Information Technology – Application Software
ORLY,O’Reilly Automotive,"S&P 500, NASDAQ-100",Consumer Discretionary – Automotive Retail
OTIS,Otis Worldwide,S&P 500,Industrials – Industrial Machinery & Supplies & Components
OXY,Occidental Petroleum,S&P 500,Energy – Oil & Gas Exploration & Production
PANW,Palo Alto Networks,"S&P 500, NASDAQ-100",Information Technology – Systems Software
PAYX,Paychex,"S&P 500, NASDAQ-100",Industrials – Human Resource & Employment Services
PCAR,Paccar,"S&P 500, NASDAQ-100",Industrials – Construction Machinery & Heavy Transportation Equipment
PCG,PG&E Corporation,S&P 500,Utilities – Multi-Utilities
PDD,PDD Holdings,NASDAQ-100,Technology
PEG,Public Service Enterprise Group,S&P 500,Utilities – Electric Utilities
PEP,PepsiCo,"S&P 500, NASDAQ-100",Consumer Staples – Soft Drinks & Non-alcoholic Beverages
PFE,Pfizer,S&P 500,Health Care – Pharmaceuticals
PFG,Principal Financial Group,S&P 500,Financials – Life & Health Insurance
PG,Procter & Gamble,"S&P 500, DOW",Consumer Staples – Personal Care Products
PGR,Progressive Corporation,S&P 500,Financials – Property & Casualty Insurance
PH,Parker Hannifin,S&P 500,Industrials – Industrial Machinery & Supplies & Components
PHM,PulteGroup,S&P 500,Consumer Discretionary – Homebuilding
PKG,Packaging Corporation of America,S&P 500,Materials – Paper & Plastic Packaging Products & Materials
PLD,Prologis,S&P 500,Real Estate – Industrial REITs
PLTR,Palantir Technologies,"S&P 500, NASDAQ-100",Information Technology – Application Software
PM,Philip Morris International,S&P 500,Consumer Staples – Tobacco
PNC,PNC Financial Services,S&P 500,Financials – Diversified Banks
PNR,Pentair,S&P 500,Industrials – Industrial Machinery & Supplies & Components
PNW,Pinnacle West Capital,S&P 500,Utilities – Multi-Utilities
PODD,Insulet Corporation,S&P 500,Health Care – Health Care Equipment
POOL,Pool Corporation,S&P 500,Consumer Discretionary – Distributors
PPG,PPG Industries,S&P 500,Materials – Specialty Chemicals
PPL,PPL Corporation,S&P 500,Utilities – Electric Utilities
PRU,Prudential Financial,S&P 500,Financials – Life & Health Insurance
PSA,Public Storage,S&P 500,Real Estate – Self-Storage REITs
PSKY,Paramount Skydance Corporation,S&P 500,Communication Services – Movies & Entertainment
PSX,Phillips 66,S&P 500,Energy – Oil & Gas Refining & Marketing
PTC,PTC Inc.,S&P 500,Information Technology – Application Software
PWR,Quanta Services,S&P 500,Industrials – Construction & Engineering
PYPL,PayPal,"S&P 500, NASDAQ-100",Financials – Transaction & Payment Processing Services
Q,Qnity Electronics,S&P 500,Information Technology – Semiconductor Materials & Equipment
QCOM,Qualcomm,"S&P 500, NASDAQ-100",Information Technology – Semiconductors
RCL,Royal Caribbean Group,S&P 500,"Consumer Discretionary – Hotels, Resorts & Cruise Lines"
REG,Regency Centers,S&P 500,Real Estate – Retail REITs
REGN,Regeneron Pharmaceuticals,"S&P 500, NASDAQ-100",Health Care – Biotechnology
RF,Regions Financial Corporation,S&P 500,Financials – Regional Banks
RJF,Raymond James Financial,S&P 500,Financials – Investment Banking & Brokerage
RL,Ralph Lauren Corporation,S&P 500,"Consumer Discretionary – Apparel, Accessories & Luxury Goods"
RMD,ResMed,S&P 500,Health Care – Health Care Equipment
ROK,Rockwell Automation,S&P 500,Industrials – Electrical Components & Equipment
ROL,"Rollins, Inc.",S&P 500,Industrials – Environmental & Facilities Services
ROP,Roper Technologies,"S&P 500, NASDAQ-100",Information Technology – Electronic Equipment & Instruments
ROST,Ross Stores,"S&P 500, NASDAQ-100",Consumer Discretionary – Apparel Retail
RSG,Republic Services,S&P 500,Industrials – Environmental & Facilities Services
RTX,RTX Corporation,S&P 500,Industrials – Aerospace & Defense
RVTY,Revvity,S&P 500,Health Care – Health Care Equipment
SATS,EchoStar,S&P 500,Communication Services – Wireless Telecommunication Services
SBAC,SBA Communications,S&P 500,Real Estate – Telecom Tower REITs
SBUX,Starbucks,"S&P 500, NASDAQ-100",Consumer Discretionary – Restaurants
SCHW,Charles Schwab Corporation,S&P 500,Financials – Investment Banking & Brokerage
SHOP,Shopify,NASDAQ-100,Technology
SHW,Sherwin-Williams,"S&P 500, DOW",Materials – Specialty Chemicals
SJM,J.M. Smucker Company (The),S&P 500,Consumer Staples – Packaged Foods & Meats
SLB,Schlumberger,S&P 500,Energy – Oil & Gas Equipment & Services
SMCI,Supermicro,S&P 500,"Information Technology – Technology Hardware, Storage & Peripherals"
SNA,Snap-on,S&P 500,Industrials – Industrial Machinery & Supplies & Components
SNDK,Sandisk,S&P 500,"Information Technology – Technology Hardware, Storage & Peripherals"
SNPS,Synopsys,"S&P 500, NASDAQ-100",Information Technology – Application Software
SO,Southern Company,S&P 500,Utilities – Electric Utilities
SOLV,Solventum,S&P 500,Health Care – Health Care Technology
SPG,Simon Property Group,S&P 500,Real Estate – Retail REITs
SPGI,S&P Global,S&P 500,Financials – Financial Exchanges & Data
SRE,Sempra,S&P 500,Utilities – Multi-Utilities
STE,Steris,S&P 500,Health Care – Health Care Equipment
STLD,Steel Dynamics,S&P 500,Materials – Steel
STT,State Street Corporation,S&P 500,Financials – Asset Management & Custody Banks
STX,Seagate Technology,"S&P 500, NASDAQ-100","Information Technology – Technology Hardware, Storage & Peripherals"
STZ,Constellation Brands,S&P 500,Consumer Staples – Distillers & Vintners
SW,Smurfit Westrock,S&P 500,Materials – Paper & Plastic Packaging Products & Materials
SWK,Stanley Black & Decker,S&P 500,Industrials – Industrial Machinery & Supplies & Components
SWKS,Skyworks Solutions,S&P 500,Information Technology – Semiconductors
SYF,Synchrony Financial,S&P 500,Financials – Consumer Finance
SYK,Stryker Corporation,S&P 500,Health Care – Health Care Equipment
SYY,Sysco,S&P 500,Consumer Staples – Food Distributors
T,AT&T,S&P 500,Communication Services – Integrated Telecommunication Services
TAP,Molson Coors Beverage Company,S&P 500,Consumer Staples – Brewers
TDG,TransDigm Group,S&P 500,Industrials – Aerospace & Defense
TDY,Teledyne Technologies,S&P 500,Information Technology – Electronic Equipment & Instruments
TEAM,Atlassian,NASDAQ-100,Technology
TECH,Bio-Techne,S&P 500,Health Care – Life Sciences Tools & Services
TEL,TE Connectivity,S&P 500,Information Technology – Electronic Manufacturing Services
TER,Teradyne,S&P 500,Information Technology – Semiconductor Materials & Equipment
TFC,Truist Financial,S&P 500,Financials – Diversified Banks
TGT,Target Corporation,S&P 500,Consumer Staples – Consumer Staples Merchandise Retail
TJX,TJX Companies,S&P 500,Consumer Discretionary – Apparel Retail
TKO,TKO Group Holdings,S&P 500,Communication Services – Movies & Entertainment
TMO,Thermo Fisher Scientific,S&P 500,Health Care – Life Sciences Tools & Services
TMUS,T-Mobile US,"S&P 500, NASDAQ-100",Communication Services – Wireless Telecommunication Services
TPL,Texas Pacific Land Corporation,S&P 500,Energy – Oil & Gas Exploration & Production
TPR,"Tapestry, Inc.",S&P 500,"Consumer Discretionary – Apparel, Accessories & Luxury Goods"
TRGP,Targa Resources,S&P 500,Energy – Oil & Gas Storage & Transportation
TRI,Thomson Reuters,NASDAQ-100,Technology
TRMB,Trimble Inc.,S&P 500,Information Technology – Electronic Equipment & Instruments
TROW,T. Rowe Price,S&P 500,Financials – Asset Management & Custody Banks
TRV,Travelers Companies (The),"S&P 500, DOW",Financials – Property & Casualty Insurance
TSCO,Tractor Supply,S&P 500,Consumer Discretionary – Other Specialty Retail
TSLA,"Tesla, Inc.","S&P 500, NASDAQ-100",Consumer Discretionary – Automobile Manufacturers
TSN,Tyson Foods,S&P 500,Consumer Staples – Packaged Foods & Meats
TT,Trane Technologies,S&P 500,Industrials – Building Products
TTD,Trade Desk (The),S&P 500,Communication Services – Advertising
TTWO,Take-Two Interactive,"S&P 500, NASDAQ-100",Communication Services – Interactive Home Entertainment
TXN,Texas Instruments,"S&P 500, NASDAQ-100",Information Technology – Semiconductors
TXT,Textron,S&P 500,Industrials – Aerospace & Defense
TYL,Tyler Technologies,S&P 500,Information Technology – Application Software
UAL,United Airlines Holdings,S&P 500,Industrials – Passenger Airlines
UBER,Uber,S&P 500,Industrials – Passenger Ground Transportation
UDR,"UDR, Inc.",S&P 500,Real Estate – Multi-Family Residential REITs
UHS,Universal Health Services,S&P 500,Health Care – Health Care Facilities
ULTA,Ulta Beauty,S&P 500,Consumer Discretionary – Other Specialty Retail
UNH,UnitedHealth Group,"S&P 500, DOW",Health Care – Managed Health Care
UNP,Union Pacific Corporation,S&P 500,Industrials – Rail Transportation
UPS,United Parcel Service,S&P 500,Industrials – Air Freight & Logistics
URI,United Rentals,S&P 500,Industrials – Trading Companies & Distributors
USB,U.S. Bancorp,S&P 500,Financials – Diversified Banks
V,Visa Inc.,"S&P 500, DOW",Financials – Transaction & Payment Processing Services
VICI,Vici Properties,S&P 500,Real Estate – Hotel & Resort REITs
VLO,Valero Energy,S&P 500,Energy – Oil & Gas Refining & Marketing
VLTO,Veralto,S&P 500,Industrials – Environmental & Facilities Services
VMC,Vulcan Materials Company,S&P 500,Materials – Construction Materials
VRSK,Verisk Analytics,"S&P 500, NASDAQ-100",Industrials – Research & Consulting Services
VRSN,Verisign,S&P 500,Information Technology – Internet Services & Infrastructure
VRT,Vertiv,S&P 500,Industrials – Electrical Components & Equipment
VRTX,Vertex Pharmaceuticals,"S&P 500, NASDAQ-100",Health Care – Biotechnology
VST,Vistra Corp.,S&P 500,Utilities – Electric Utilities
VTR,Ventas,S&P 500,Real Estate – Health Care REITs
VTRS,Viatris,S&P 500,Health Care – Pharmaceuticals
VZ,Verizon,"S&P 500, DOW",Communication Services – Integrated Telecommunication Services
WAB,Wabtec,S&P 500,Industrials – Construction Machinery & Heavy Transportation Equipment
WAT,Waters Corporation,S&P 500,Health Care – Life Sciences Tools & Services
WBD,Warner Bros. Discovery,"S&P 500, NASDAQ-100",Communication Services – Broadcasting
WDAY,"Workday, Inc.","S&P 500, NASDAQ-100",Information Technology – Application Software
WDC,Western Digital,"S&P 500, NASDAQ-100","Information Technology – Technology Hardware, Storage & Peripherals"
WEC,WEC Energy Group,S&P 500,Utilities – Electric Utilities
WELL,Welltower,S&P 500,Real Estate – Health Care REITs
WFC,Wells Fargo,S&P 500,Financials – Diversified Banks
WM,Waste Management,S&P 500,Industrials – Environmental & Facilities Services
WMB,Williams Companies,S&P 500,Energy – Oil & Gas Storage & Transportation
WMT,Walmart,"S&P 500, NASDAQ-100, DOW",Consumer Staples – Consumer Staples Merchandise Retail
WRB,W. R. Berkley Corporation,S&P 500,Financials – Property & Casualty Insurance
WSM,"Williams-Sonoma, Inc.",S&P 500,Consumer Discretionary – Homefurnishing Retail
WST,West Pharmaceutical Services,S&P 500,Health Care – Health Care Supplies
WTW,Willis Towers Watson,S&P 500,Financials – Insurance Brokers
WY,Weyerhaeuser,S&P 500,Real Estate – Timber REITs
WYNN,Wynn Resorts,S&P 500,Consumer Discretionary – Casinos & Gaming
XEL,Xcel Energy,"S&P 500, NASDAQ-100",Utilities – Multi-Utilities
XOM,ExxonMobil,S&P 500,Energy – Integrated Oil & Gas
XYL,Xylem Inc.,S&P 500,Industrials – Industrial Machinery & Supplies & Components
XYZ,"Block, Inc.",S&P 500,Financials – Transaction & Payment Processing Services
YUM,Yum! Brands,S&P 500,Consumer Discretionary – Restaurants
ZBH,Zimmer Biomet,S&P 500,Health Care – Health Care Equipment
ZBRA,Zebra Technologies,S&P 500,Information Technology – Electronic Equipment & Instruments
ZS,Zscaler,NASDAQ-100,Technology
ZTS,Zoetis,S&P 500,Health Care – Pharmaceuticals
